id,x,y
"0",121.5677874521,25.1870387698
"1",121.6083815010,25.0940176872
"2",121.6026698504,24.9625923966
"3",121.4746568311,25.0414106016
"4",121.5814941937,24.9426315440
"5",121.5481788097,25.1078660106
"6",121.5259377826,24.9786825726
"7",121.4721138018,25.0417693099
"8",121.5662743243,24.9279385255
"9",121.5682128165,25.1329071444
"10",121.6072103647,24.9614273780
"11",121.5763823509,25.0543792257
"12",121.4621906019,25.1119665716
"13",121.5298738491,24.9104714287
"14",121.5910163339,25.0013931712
"15",121.5254073010,24.9209457611
"16",121.3398798213,25.1052811478
"17",121.5607827748,25.1508286037
"18",121.4427808987,25.0344373899
"19",121.5640281433,24.9964158849
"20",121.4707596791,24.9369180874
"21",121.4937915216,24.9163302719
"22",121.5790300460,25.1249316336
"23",121.4773611115,25.0759293688
"24",121.5759997531,24.9620546075
"25",121.5644303379,24.8992390443
"26",121.5956503803,24.9574262191
"27",121.3868021359,25.0832225982
"28",121.5706598315,25.1883360440
"29",121.5610861262,25.0079948283
"30",121.5061313855,24.9275766728
"31",121.4280576357,25.0112560292
"32",121.5895640028,25.0898916838
"33",121.5691708187,25.0897062975
"34",121.5998564366,25.0394533050
"35",121.3616616067,25.0749719381
"36",121.5773678858,25.0002109267
"37",121.4696679025,25.0945922524
"38",121.5034742903,25.0382848977
"39",121.5794175870,24.9941468788
"40",121.6172018041,25.0326552931
"41",121.5520070868,24.9857711125
"42",121.3741060255,25.0780098101
"43",121.5829845824,25.1077243415
"44",121.5696789329,25.0861016580
"45",121.5636744890,25.1259775094
"46",121.5164103820,24.9402401732
"47",121.5788139062,25.1087065956
"48",121.4606302353,25.0796012371
"49",121.4827651660,25.0584379826
"50",121.5573405871,24.9539804166
"51",121.3216721286,25.1215766167
"52",121.5507066687,24.8930477236
"53",121.5764536213,25.1406057671
"54",121.5239557056,24.8971977899
"55",121.5856242683,25.0912335901
"56",121.6121151087,25.0835635452
"57",121.5038199270,24.8856937558
"58",121.5189522602,24.9806754414
"59",121.5654677272,25.0835575795
"60",121.5631027698,24.9083627533
"61",121.4725215028,25.0825971498
"62",121.4977647331,25.0701357287
"63",121.4878857647,24.8811164775
"64",121.4925455405,25.0321406148
"65",121.6260096415,25.0208136532
"66",121.5776832296,25.1226948558
"67",121.5655302057,24.9210803578
"68",121.5809632233,25.0139499134
"69",121.5744263200,25.0024729909
"70",121.5245161425,25.1011381472
"71",121.5909189366,25.0178492259
"72",121.3073776170,25.1240816624
"73",121.4837817823,25.0616431675
"74",121.5278809755,25.1058028751
"75",121.5051601956,24.9570977275
"76",121.4667995077,24.9348189122
"77",121.5194533342,25.0558819603
"78",121.6621696996,25.0242772950
"79",121.5245846379,24.9326504278
"80",121.5914693296,25.0729438776
"81",121.5245832803,24.9130950510
"82",121.3670330462,25.0988239871
"83",121.5771743504,24.8938635309
"84",121.5760522116,24.9099798559
"85",121.5490090559,24.9939751419
"86",121.5778998764,24.9157650704
"87",121.4957834018,25.1028161900
"88",121.5826575897,25.0995683164
"89",121.6029053563,25.1289387141
"90",121.5908250397,24.9694512543
"91",121.5510297547,24.9575650837
"92",121.6138513850,25.0844655660
"93",121.5961193031,24.9766659588
"94",121.4919915244,24.8873335281
"95",121.3693479240,25.0721554768
"96",121.5165234963,24.9507689583
"97",121.5683546675,25.1839647354
"98",121.5461645820,25.1233971996
"99",121.5976417561,25.0215208123
"100",121.5587074975,24.8959220643
"101",121.6150669364,25.0768513928
"102",121.4938981388,24.8718778887
"103",121.5833598953,24.9491332893
"104",121.5021713222,24.9010234699
"105",121.5737904818,24.9332916730
"106",121.5242869636,24.9238570909
"107",121.5024480961,25.0518102705
"108",121.5293433713,24.9393070595
"109",121.4007559186,25.0694732095
"110",121.6112512596,25.0317978270
"111",121.3654564159,25.1369346656
"112",121.5933533193,25.0293077107
"113",121.5297477185,24.9282368631
"114",121.3613291613,25.1156515168
"115",121.5627536076,25.1157716280
"116",121.5854874405,24.9425345034
"117",121.4755852308,24.9528507438
"118",121.4159800851,25.0196157649
"119",121.6099132792,25.0255275294
"120",121.4772817483,25.0483612918
"121",121.6079947244,25.0386412480
"122",121.5069622842,25.0739850692
"123",121.5217814655,24.9497192857
"124",121.5110453218,25.0759829753
"125",121.5638968888,24.8986902913
"126",121.6017624269,25.0290530027
"127",121.5328195247,24.9903503397
"128",121.6164851471,25.0444977328
"129",121.4960644419,24.9115295018
"130",121.5706113882,24.9128706945
"131",121.5443800455,25.0973531095
"132",121.4698547219,25.0473684627
"133",121.5076609602,24.8944043934
"134",121.5724605182,25.0901460363
"135",121.5835551194,25.1400122214
"136",121.5864875902,25.1310242853
"137",121.5311306436,24.9418948859
"138",121.3527240463,25.1208685866
"139",121.5812926147,24.9786323992
"140",121.5028418408,24.8801970393
"141",121.6193216116,25.0257784790
"142",121.4424356796,25.0491639370
"143",121.4959010501,25.0243935219
"144",121.5678193333,24.9751238029
"145",121.4798453766,25.1017490673
"146",121.5652582291,25.1128367692
"147",121.5982226830,24.9800458991
"148",121.4992015797,24.9630722472
"149",121.5295497218,24.9330394008
"150",121.5662663685,25.1311135156
"151",121.4324517699,25.0065662202
"152",121.4883293519,24.9352731891
"153",121.4949377446,24.9493911899
"154",121.3713552971,25.1151031016
"155",121.5197606991,24.9826518911
"156",121.3164146662,25.1025528318
"157",121.3688825830,25.1029082707
"158",121.5282978907,24.9655509262
"159",121.5895102514,25.0159361726
"160",121.5461582423,24.9552520297
"161",121.6148303320,25.0768972246
"162",121.5314565321,24.9550397188
"163",121.5740219381,25.0599033163
"164",121.5758658508,25.1467311947
"165",121.6102107859,25.0575734073
"166",121.5520128701,24.9829818901
"167",121.5179261229,25.0591920419
"168",121.4390006498,25.0219081937
"169",121.5014739545,24.9152843710
"170",121.5841668929,25.1535344634
"171",121.5994803267,24.9586974486
"172",121.3022505509,25.1242716037
"173",121.3577101151,25.1221990189
"174",121.5058007350,25.0757718376
"175",121.4123839419,25.0285328191
"176",121.5304176573,24.9492193038
"177",121.4342645992,25.0148875112
"178",121.5553599327,24.9058692972
"179",121.3338805338,25.1020989483
"180",121.5427267701,24.9877938432
"181",121.3374227007,25.1160107650
"182",121.4323142828,25.0177570973
"183",121.5964311307,24.9960751713
"184",121.5514435029,24.9947178722
"185",121.3704029791,25.0962803906
"186",121.4922121752,25.1130362852
"187",121.4968135666,25.0260349810
"188",121.5150384073,24.8891166117
"189",121.3734152762,25.1172084722
"190",121.5321265147,25.0953442209
"191",121.4961526930,24.9288541727
"192",121.5507410940,24.9858639237
"193",121.5401011741,25.1373477455
"194",121.6069896194,25.0371396159
"195",121.5063987807,24.8798008359
"196",121.6062476742,25.0204390358
"197",121.5034708631,25.0265386135
"198",121.5268331344,24.9763470393
"199",121.5047820151,24.9163638802
"200",121.5010877129,24.9081190128
"201",121.5071684403,24.9558278434
"202",121.3935151295,25.0780658554
"203",121.4441753090,25.0416369385
"204",121.5741356967,25.1681188736
"205",121.4981450235,25.0797296060
"206",121.4930600367,24.9377188607
"207",121.5521078835,24.9124170192
"208",121.4824613437,24.8914666376
"209",121.5445652547,25.1412316957
"210",121.5512586607,24.9195165629
"211",121.5119253029,24.9310561079
"212",121.4674225780,25.0800112809
"213",121.4615476855,24.9470326662
"214",121.4093322802,25.0313555866
"215",121.5899274445,25.1508872423
"216",121.5828394141,25.1459962675
"217",121.5721084205,25.0112468163
"218",121.5815012794,24.9131313708
"219",121.5914474327,25.1211823928
"220",121.5557954231,25.1216363548
"221",121.5477843264,24.9502809607
"222",121.6195128051,25.0867008356
"223",121.3767473773,25.0770970438
"224",121.5090839081,25.0755444724
"225",121.5458433173,24.9476147443
"226",121.5437864535,24.9180219452
"227",121.4448178454,25.0248592383
"228",121.5002459287,25.0959112339
"229",121.5627923079,24.9914564184
"230",121.4761189662,24.9519926943
"231",121.4051735263,25.0436637455
"232",121.5593749451,24.9683491619
"233",121.5709815491,24.9424195690
"234",121.6209205661,25.0927957776
"235",121.6202398869,25.0387929135
"236",121.5533394344,24.9410407536
"237",121.4996602945,24.9570004297
"238",121.5919603747,25.1397409448
"239",121.5273610658,24.9183222413
"240",121.5080746041,25.0465396243
"241",121.3648645453,25.0889569567
"242",121.5748546828,24.9187917431
"243",121.5377116309,24.9305673238
"244",121.5832048886,24.9493747366
"245",121.5022450060,24.9645374731
"246",121.5932049320,24.9720528522
"247",121.5917140338,24.9793767424
"248",121.5517798878,25.0983625070
"249",121.3476469770,25.1209693415
"250",121.5527831954,24.9851642908
"251",121.4604218841,25.0442849774
"252",121.5867775688,25.1199551817
"253",121.5461013843,24.9232923512
"254",121.4902903589,24.8863410919
"255",121.3380906745,25.1054693488
"256",121.6206443896,25.0378760933
"257",121.5238758139,25.0765648972
"258",121.5078747271,24.8861503793
"259",121.5982957369,24.9850386638
"260",121.6115154435,25.0744718562
"261",121.5601719457,24.9075976763
"262",121.5340537246,24.9365125416
"263",121.5559768063,25.1363697385
"264",121.5483776130,24.9572061773
"265",121.4828508528,25.0594621231
"266",121.5578505657,24.9225368593
"267",121.5600999627,24.9974143013
"268",121.5272754629,24.9694125987
"269",121.5407948515,24.9532383392
"270",121.5537269011,24.9114183869
"271",121.4847356411,25.0383292352
"272",121.4503967444,25.0385576819
"273",121.5881414471,24.9315406091
"274",121.5648626443,24.9332108691
"275",121.5327814894,24.9750040240
"276",121.5021203102,24.9297864393
"277",121.4640025625,25.0633201415
"278",121.5523085762,25.1232370502
"279",121.4724217193,25.0737311129
"280",121.3982724779,25.0419573954
"281",121.6042073628,25.1049756466
"282",121.4867576035,24.9392717021
"283",121.3937714829,25.0433432128
"284",121.6148035119,25.0475772018
"285",121.4817283417,24.9592047032
"286",121.5855421583,25.0974394586
"287",121.5298256453,24.9551821407
"288",121.5904421486,25.0371782245
"289",121.3208192481,25.1008950595
"290",121.5220155289,24.9576013838
"291",121.3590286048,25.1343035393
"292",121.4844780392,25.1093793696
"293",121.3625134203,25.0854783269
"294",121.5591998620,24.9766515314
"295",121.3283325878,25.0913849614
"296",121.3096436283,25.1120303709
"297",121.3352365680,25.1089603710
"298",121.4012625237,25.0411366822
"299",121.5489480596,24.9666565848
"300",121.4787326875,24.9317036440
"301",121.3658641112,25.1025460002
"302",121.5406070816,24.9513182403
"303",121.5018049560,25.0625830802
"304",121.5028854129,24.9008777126
"305",121.5472263647,24.9784656022
"306",121.5899439079,25.0173991839
"307",121.5558420514,24.9636369874
"308",121.5575551508,24.9597999361
"309",121.4808447299,25.0594628164
"310",121.5221760594,24.9374449365
"311",121.5668131065,24.9895332059
"312",121.5672464853,25.1297013128
"313",121.5785043217,25.1039439208
"314",121.5133389063,24.9633532379
"315",121.5226831377,24.8933868301
"316",121.5767310767,24.9544320589
"317",121.6078602100,25.0339229646
"318",121.4103265929,25.0343888631
"319",121.6187723524,25.0584187714
"320",121.4383163206,25.0179876107
"321",121.3897004698,25.1041102332
"322",121.4765272866,25.0924136681
"323",121.3627824557,25.1086019322
"324",121.4616853939,25.0437177660
"325",121.5861473560,24.9782577309
"326",121.5747536968,25.0857781197
"327",121.5621934630,25.1003124841
"328",121.6137168155,25.0861659636
"329",121.5146595777,25.0549827291
"330",121.5037253354,24.9027288136
"331",121.3901843309,25.0729638085
"332",121.5960020583,24.9832993334
"333",121.4756055210,25.0510954481
"334",121.5670141710,25.1689626980
"335",121.5505069177,25.1356021006
"336",121.6092342086,25.0655548470
"337",121.4681058271,24.9520838164
"338",121.5374084367,24.9112489538
"339",121.5921093759,25.0343946328
"340",121.5675895347,24.9457809146
"341",121.3761702805,25.0918496710
"342",121.5562166002,24.9998534511
"343",121.5866663027,25.1147297023
"344",121.4033251692,25.0872130688
"345",121.4924029796,24.9121458512
"346",121.4881409339,25.0759338687
"347",121.5947152011,25.0228714464
"348",121.3550082023,25.0942092531
"349",121.5932356141,25.1089517413
"350",121.5477983152,25.1035384212
"351",121.6149258946,25.0528547668
"352",121.3646491358,25.0698633363
"353",121.3452567524,25.0932228432
"354",121.5929845779,25.1089820691
"355",121.5015666064,25.0596732679
"356",121.6245742018,25.0331244444
"357",121.4567035747,25.0821159926
"358",121.3830012005,25.1030063250
"359",121.3638203594,25.1342236706
"360",121.5106024588,25.0562805562
"361",121.5364071325,24.9726253587
"362",121.3685595880,25.1234036673
"363",121.5812117649,25.1077887125
"364",121.5261253762,25.0874304528
"365",121.5918458521,24.9171876292
"366",121.3417292832,25.1030091496
"367",121.5935194618,25.0853961213
"368",121.3104427090,25.1185274252
"369",121.5924249766,24.9874452579
"370",121.5532079529,24.9785644246
"371",121.5426989576,24.9932822241
"372",121.5288328409,24.9216232955
"373",121.5523555649,24.9443670643
"374",121.5073816818,24.9058751699
"375",121.5999020509,25.1005922449
"376",121.3789410954,25.0771195917
"377",121.5683649270,25.1563748726
"378",121.5734074563,25.1696237788
"379",121.5596319483,24.9108768958
"380",121.3717946253,25.0893647303
"381",121.4901177906,25.0732812233
"382",121.5600853993,24.9985796354
"383",121.4565353995,25.0407636488
"384",121.3280831083,25.0950968332
"385",121.4832900424,24.8773756651
"386",121.5042389259,24.9325731856
"387",121.5811445395,25.0932399379
"388",121.4082543666,25.0374279658
"389",121.5017941316,24.9065417012
"390",121.5584549627,25.0059553610
"391",121.4623563209,25.0959176880
"392",121.5341214008,24.9887568881
"393",121.4966219351,24.9698700773
"394",121.5851759523,25.0133839236
"395",121.5913152257,25.1132736922
"396",121.5483788309,24.9703665323
"397",121.6474861298,25.0256049267
"398",121.3312730391,25.1060161517
"399",121.4997144593,25.0301012589
"400",121.5765794881,24.9119008425
"401",121.6197781738,25.0823169059
"402",121.4734697432,25.0944314932
"403",121.5919794783,25.0772597452
"404",121.4977217553,24.9254591860
"405",121.4967198554,25.1052841928
"406",121.5886237572,25.0693448071
"407",121.5620473013,25.0873231609
"408",121.4758531720,24.8762017507
"409",121.6043580826,25.0969919062
"410",121.4995563370,24.9462500454
"411",121.5020159799,25.0632962631
"412",121.5816704847,24.9497212197
"413",121.5831612762,24.9322445174
"414",121.5489533777,25.1448040761
"415",121.5722650714,25.1631891280
"416",121.5785958107,25.1447492484
"417",121.6152816816,25.0963396796
"418",121.5263687883,24.8925408574
"419",121.5908475778,24.9458270380
"420",121.4762091293,25.0454714297
"421",121.5852238217,25.1470944978
"422",121.5008900771,25.0960327853
"423",121.5556391773,24.9250218997
"424",121.4899069867,24.9263679476
"425",121.5668685009,24.9399464526
"426",121.5911581220,24.9740218076
"427",121.5644003990,24.9558309524
"428",121.3429495339,25.1133340722
"429",121.5184979871,25.0902708331
"430",121.5364723612,25.1381896337
"431",121.5604328070,25.0066424727
"432",121.5353037700,25.1282910010
"433",121.4022397084,25.0766729426
"434",121.4688375461,24.9438466019
"435",121.5589964943,24.9196829817
"436",121.3559798384,25.0713378237
"437",121.4899079860,25.0198602140
"438",121.5146185878,24.9236249247
"439",121.5176768757,24.9726122615
"440",121.5886139456,25.0542045455
"441",121.3146778763,25.0967597185
"442",121.3686051784,25.0811770777
"443",121.6206056603,25.0369558164
"444",121.5421152683,24.9057960336
"445",121.5677337397,25.1576626716
"446",121.5127213579,24.8923725149
"447",121.4939739316,24.9421247035
"448",121.5161934908,25.0749602716
"449",121.3506729161,25.1280269186
"450",121.5658099247,25.1518339046
"451",121.4946748063,25.0658810859
"452",121.3431752416,25.1227122341
"453",121.3246226216,25.1000993681
"454",121.5951326548,25.0558019246
"455",121.5324138597,24.9668497191
"456",121.5328546026,24.9619621930
"457",121.3327887501,25.1194148583
"458",121.5125711265,24.9518858762
"459",121.4065730903,25.0341152296
"460",121.5426928177,25.1353402086
"461",121.4106112114,25.0337005490
"462",121.5110749326,24.9141742711
"463",121.5400337780,24.9209206319
"464",121.5739605624,25.0741978816
"465",121.5730938467,24.9683595037
"466",121.5400716305,24.9985478477
"467",121.5766779457,25.1226187066
"468",121.5571545956,24.9898560814
"469",121.5719973416,24.9635877771
"470",121.5904110466,25.0065645466
"471",121.5639722825,25.1073909057
"472",121.5844973981,24.9555512896
"473",121.4879467395,24.8898681876
"474",121.4957632031,24.9000036924
"475",121.4570915592,25.0440941316
"476",121.5052403808,24.9388596299
"477",121.3799340825,25.0733449699
"478",121.3006297318,25.1132846061
"479",121.3750159252,25.0941688904
"480",121.5551015848,25.1322380964
"481",121.4704975156,24.9465059804
"482",121.5013344622,24.9525620450
"483",121.4976606311,24.9540385998
"484",121.6071609683,25.0513375979
"485",121.3106839759,25.1153649455
"486",121.5013399439,25.0317852159
"487",121.6014135252,24.9878587954
"488",121.4768320723,25.0488828440
"489",121.5677674779,24.9227224548
"490",121.5801904503,24.9160235474
"491",121.4250206057,25.0190124088
"492",121.4783071377,25.0840768746
"493",121.4790439413,25.1008760494
"494",121.5970909483,24.9879023230
"495",121.4695538599,25.0532014524
"496",121.4384816894,25.0127178475
"497",121.4016084799,25.0449662142
"498",121.4988063559,25.0591470253
"499",121.4463737820,25.0371882532
"500",121.5882415583,25.0677352865
"501",121.5034976026,24.9177255116
"502",121.5958020149,24.9867749287
"503",121.5284019328,24.9774264790
"504",121.3631903981,25.0693303853
"505",121.4671789230,25.0613253551
"506",121.4917030847,24.9128810648
"507",121.5701481104,25.0909550455
"508",121.6067283629,25.0818890159
"509",121.5220659014,24.9346310029
"510",121.3523209548,25.1037809883
"511",121.5500394344,25.1435302829
"512",121.5910027885,25.0250805968
"513",121.5817040802,25.1368504191
"514",121.5949896036,25.1069473230
"515",121.5740430423,25.0568413028
"516",121.4876924308,25.0572130760
"517",121.5917705255,25.0664829184
"518",121.5867258582,24.9339273547
"519",121.4056433956,25.0305206179
"520",121.3698313240,25.1116166885
"521",121.4636972290,25.0615445418
"522",121.4774569924,25.0981230752
"523",121.5783128491,25.1792029696
"524",121.3779705289,25.0851695205
"525",121.5772684701,24.9838837415
"526",121.5987977107,24.9776582809
"527",121.5721165849,25.1368953061
"528",121.5710868341,24.9230111604
"529",121.5873988158,25.0824277116
"530",121.5265487460,24.9718284667
"531",121.3300771784,25.1226850820
"532",121.5771186392,25.0052945243
"533",121.5507034791,24.9755411889
"534",121.5039000797,25.0620981418
"535",121.5381688462,25.1297871147
"536",121.4509101827,25.0577877741
"537",121.5951523776,24.9893547159
"538",121.5166461019,24.9564854257
"539",121.3586770519,25.1097245849
"540",121.5359904288,24.9370042208
"541",121.5643272544,24.9535591881
"542",121.4425917460,25.0222045838
"543",121.4732545144,25.0986917951
"544",121.5616505581,24.9134162715
"545",121.4507424349,25.0472670765
"546",121.3761462215,25.0837772120
"547",121.3536525836,25.0992572862
"548",121.5756956164,25.0899904328
"549",121.5353911195,24.9230534683
"550",121.6076982337,25.0618925481
"551",121.5922229058,25.0985333793
"552",121.3541576203,25.1253944411
"553",121.5968349259,25.0591364401
"554",121.5810723491,24.9274797566
"555",121.5992908530,25.0473214549
"556",121.4953784336,24.9368249652
"557",121.5419838945,25.0031727915
"558",121.4322862245,25.0055611522
"559",121.5311852580,24.9666547158
"560",121.4899177940,25.0783322072
"561",121.5463526216,24.8950424270
"562",121.5005002727,25.0555833782
"563",121.4805000525,25.1091217852
"564",121.3708327323,25.0869696237
"565",121.5255968094,25.0929272071
"566",121.6105759445,24.9713956514
"567",121.5024283685,25.0743562796
"568",121.5291980002,24.9648934625
"569",121.3719244667,25.0815571103
"570",121.5518455599,24.9377613023
"571",121.3640629992,25.1363563886
"572",121.5727535434,25.1611733473
"573",121.2930228369,25.1084253653
"574",121.5012383755,24.9144427938
"575",121.4654408569,25.0646781685
"576",121.5108847421,25.0673968390
"577",121.3903848845,25.0941237524
"578",121.6094607373,25.0875253576
"579",121.3710500420,25.0740301191
"580",121.4741474730,25.0466603547
"581",121.5058505241,25.0782705339
"582",121.3471864224,25.1221945771
"583",121.3227959928,25.0958872837
"584",121.3731790226,25.0846757101
"585",121.5396948414,24.9201032368
"586",121.2994903730,25.1192510198
"587",121.6177278957,25.0956034460
"588",121.6196170135,25.0786676729
"589",121.4176347287,25.0252819763
"590",121.3140891513,25.1139785784
"591",121.4047686595,25.0699514887
"592",121.4393658603,25.0321948167
"593",121.5669476240,25.1501405192
"594",121.6050131125,25.0532315932
"595",121.5682938663,24.9628307209
"596",121.5629410738,25.0871923141
"597",121.4930667608,25.1087461300
"598",121.5574489965,25.1552472720
"599",121.4959746711,24.9277267667
"600",121.5594607537,24.9037930046
"601",121.5651069479,25.1251897984
"602",121.5513219883,24.9914914571
"603",121.5850368586,25.1490494790
"604",121.6502456432,25.0246630532
"605",121.3416817357,25.1252320207
"606",121.5314125336,25.1006732932
"607",121.5532980623,24.9674975379
"608",121.5831277431,25.0977622303
"609",121.5745698128,25.0653235230
"610",121.5023450758,24.9537731359
"611",121.3366498138,25.1122185411
"612",121.6152918189,25.0641478349
"613",121.5647859729,25.1191312305
"614",121.5746099791,24.8838493612
"615",121.4945608081,24.8867222615
"616",121.4210619596,25.0181370716
"617",121.5547188637,24.9990845751
"618",121.5529409594,25.1362612885
"619",121.3543441648,25.1186665571
"620",121.5177481312,25.0902537524
"621",121.3300212335,25.0994046226
"622",121.4054689855,25.0886067769
"623",121.5759296592,25.0119402829
"624",121.3330892397,25.0871121721
"625",121.5713344558,24.9745818128
"626",121.5696009763,24.8775538733
"627",121.5231561107,25.0990651364
"628",121.5967300008,25.1040141247
"629",121.4745306210,24.9549948476
"630",121.3808679060,25.1126317460
"631",121.5031932481,24.8822057891
"632",121.4957183216,24.9497097296
"633",121.5530218737,24.9946829940
"634",121.2926328147,25.1037900458
"635",121.5429427100,25.1058021132
"636",121.5664519613,24.8943887032
"637",121.5357320628,24.9669323125
"638",121.5768888087,25.1676469047
"639",121.6020235037,24.9493590242
"640",121.4975362398,24.9585238142
"641",121.5882838584,25.0712320257
"642",121.6054876571,25.0398111220
"643",121.5882228253,25.0885791864
"644",121.4337960538,25.0224780981
"645",121.4985375666,24.9209810825
"646",121.5881776331,25.0449862335
"647",121.5219192627,25.0788613975
"648",121.5794597362,24.9122888018
"649",121.5788401304,25.1445507609
"650",121.3708417227,25.0831190176
"651",121.3606861793,25.0980899830
"652",121.4958999885,25.0551116772
"653",121.4750837923,25.0814909724
"654",121.4995075281,25.0519289312
"655",121.5385863028,24.9753634423
"656",121.5124956056,24.9151180683
"657",121.3679495800,25.0733967507
"658",121.3548095057,25.1044945926
"659",121.5003928098,25.0268493485
"660",121.4942899589,25.0383860733
"661",121.4970576212,25.1047397577
"662",121.5819033988,25.0071288287
"663",121.5798478155,25.1732678480
"664",121.3889472720,25.0927498847
"665",121.3343125479,25.1164871177
"666",121.5669037528,25.0859365484
"667",121.4645296343,25.0389364926
"668",121.5508129650,25.1266109511
"669",121.6152974467,25.0364222790
"670",121.5189401182,25.0996351750
"671",121.6199815687,25.0757738367
"672",121.4735796293,24.9473706589
"673",121.4889823898,25.1109642407
"674",121.4967672946,24.8719386371
"675",121.3580214222,25.1229505352
"676",121.3593640015,25.1275537701
"677",121.5509346883,25.1374224530
"678",121.6074425772,25.0767983770
"679",121.5830169067,25.1543741802
"680",121.5090067452,25.0779139553
"681",121.6089938108,25.0730352044
"682",121.5573382461,25.0081542105
"683",121.5491258348,25.0929888918
"684",121.5218997163,24.9465189406
"685",121.5453774304,24.9035369547
"686",121.5600522100,25.1050535448
"687",121.5321731891,25.1152678143
"688",121.5083942547,24.9330701271
"689",121.3523796045,25.1223120296
"690",121.4139207674,25.0335148702
"691",121.5885969366,25.1620786527
"692",121.6219654429,25.0894430827
"693",121.5198923156,24.9827682619
"694",121.5932342744,25.1350147492
"695",121.4939592405,24.9156339270
"696",121.2975026454,25.1152691539
"697",121.3756488572,25.0831621399
"698",121.5681236688,25.1195884859
"699",121.3833054344,25.0737554489
"700",121.5922199986,24.9706377797
"701",121.5530323873,25.1538783977
"702",121.3816999424,25.1134226383
"703",121.5683303345,24.9910905466
"704",121.5203717069,24.8887050286
"705",121.4991572068,24.9380668086
"706",121.4888893090,24.9522016966
"707",121.3775145856,25.0758977282
"708",121.5063664088,25.0886569363
"709",121.5571180767,25.0901720346
"710",121.5278335461,25.0977708826
"711",121.5934893255,25.1377546451
"712",121.5169432982,24.8965556053
"713",121.4476236512,25.0522741128
"714",121.5522314702,24.9379068128
"715",121.6047470987,24.9603118845
"716",121.4579571335,25.0921493033
"717",121.5838590615,24.9193826019
"718",121.4325206600,25.0359993359
"719",121.5404550109,25.1140093007
"720",121.3846406792,25.0878312021
"721",121.5915100563,24.9970941708
"722",121.4361611235,25.0173532620
"723",121.3703448056,25.1034880123
"724",121.5143590610,24.9192843258
"725",121.5553113355,25.0109061503
"726",121.5806996773,24.9224181295
"727",121.3041934248,25.1054137891
"728",121.4615295782,25.0828419282
"729",121.6059405395,25.0752137522
"730",121.4147767704,25.0340873151
"731",121.5826018754,25.1325752265
"732",121.5838177569,25.1329571232
"733",121.5208945461,24.9831812208
"734",121.5513859120,24.9229105661
"735",121.5726519140,25.0558871986
"736",121.5032234484,25.0466694815
"737",121.4779677860,25.0938758900
"738",121.4988996459,24.8998601034
"739",121.5810335333,25.0975362161
"740",121.5686512927,24.9197576314
"741",121.5779537893,25.1389445574
"742",121.5780476338,25.0654385252
"743",121.6085305936,25.0369180248
"744",121.4846421494,24.8834906555
"745",121.6280876829,25.0256061855
"746",121.3403146690,25.1235289849
"747",121.6193879875,25.0281170155
"748",121.4880155091,25.0889274990
"749",121.4413510222,25.0164116895
"750",121.5719975807,24.9110104170
"751",121.5043492735,24.9691042349
"752",121.5248968403,24.9776809843
"753",121.4026126171,25.0911444302
"754",121.5774811151,24.8973191042
"755",121.4721387530,25.0783361321
"756",121.4902235876,25.0863227186
"757",121.5482283598,24.9117281269
"758",121.5566709289,24.9721226022
"759",121.5763459467,25.0569933426
"760",121.5721801364,24.9284536164
"761",121.5897226909,25.1297312469
"762",121.5295045570,24.9205185526
"763",121.5617517222,24.8951298027
"764",121.6099281889,25.0369544723
"765",121.5688532844,24.9061862875
"766",121.5127383995,24.9798631433
"767",121.5451432875,24.9194266529
"768",121.5696221221,25.1549663815
"769",121.5779285919,24.9985283437
"770",121.4930818280,24.8715164901
"771",121.5880215085,25.0585042726
"772",121.4990090812,24.9023964353
"773",121.5933638515,24.9499621467
"774",121.6039081590,24.9545324294
"775",121.5078350482,25.0674403349
"776",121.5700227377,25.0777038022
"777",121.5457034761,25.1122698355
"778",121.3956599970,25.0812533830
"779",121.4476775775,25.0438136580
"780",121.4950762094,25.0996532100
"781",121.5974051292,25.0192251145
"782",121.5466061670,25.0039046249
"783",121.5778858862,24.8917108271
"784",121.5701156743,25.0888386129
"785",121.5174896024,25.0973382479
"786",121.5182079903,24.9277858562
"787",121.5668208465,25.1611747861
"788",121.5840072259,25.0097433307
"789",121.5541169647,24.9133300582
"790",121.5090084816,24.8937303905
"791",121.3685435176,25.1309069731
"792",121.5697538597,25.0892402106
"793",121.5889422042,24.9210377679
"794",121.4982114562,25.0951545888
"795",121.5746062457,25.1366075837
"796",121.5847932480,25.1505407353
"797",121.5918151066,25.0540670602
"798",121.5499323810,25.0089910369
"799",121.3376130859,25.0964248499
"800",121.5007849235,25.0360915477
"801",121.3993583724,25.0745876652
"802",121.5135106803,24.9349217378
"803",121.4894153904,25.0960814823
"804",121.5475246190,24.9681821742
"805",121.5570617555,25.0951981505
"806",121.3417273629,25.0894633239
"807",121.5491154490,24.9838059475
"808",121.5825520014,25.0162812856
"809",121.6073390702,24.9732839761
"810",121.5689801191,25.1585595473
"811",121.5456265639,24.9136655844
"812",121.5722258310,25.1504372766
"813",121.5302218291,24.9182133226
"814",121.5776991496,25.1747106128
"815",121.3742581991,25.1004987941
"816",121.5540819533,24.8989914188
"817",121.3558784008,25.1067132307
"818",121.5668152884,25.1745503477
"819",121.5859504576,25.0028132368
"820",121.5386848768,25.1045059618
"821",121.3425899344,25.1113683789
"822",121.4930846971,25.0905285013
"823",121.3118618271,25.1199402308
"824",121.5017033381,24.9519190033
"825",121.6018013929,25.0643101491
"826",121.5440965124,24.8905724279
"827",121.3595031021,25.1002337629
"828",121.5562496385,24.9804116789
"829",121.5691472322,24.8831787878
"830",121.5776009517,25.1206395470
"831",121.5064320229,24.9007540540
"832",121.5681205342,25.1623626966
"833",121.5459021907,24.9595581144
"834",121.5766547583,25.1796920559
"835",121.6014698592,25.0951281909
"836",121.5384841979,24.9546125508
"837",121.5503875864,24.9400041826
"838",121.4968699984,24.8730839284
"839",121.5929410681,25.0118944552
"840",121.4759715714,25.1011536628
"841",121.5035128040,25.0726111990
"842",121.5517431733,24.9764058670
"843",121.4891720578,25.0869429451
"844",121.5736348389,25.1518588345
"845",121.5016966828,24.9068716466
"846",121.4966773262,25.0909966843
"847",121.5891220305,24.9710903856
"848",121.5288634828,24.8942470713
"849",121.5715795285,24.9890303773
"850",121.5871884330,25.0209183110
"851",121.4706822487,24.9439103463
"852",121.5875688299,25.0945787339
"853",121.5833154701,24.9973807830
"854",121.6170296597,25.0188271900
"855",121.5313300350,24.9326989986
"856",121.3803177310,25.1154914755
"857",121.5598834596,25.0936353613
"858",121.6005109945,25.0988301634
"859",121.5185275252,25.0543208709
"860",121.4951608277,25.0907303653
"861",121.4352018071,25.0158349456
"862",121.6118085272,25.0496218451
"863",121.5390393854,24.9592623702
"864",121.5967453382,25.0128866616
"865",121.5386396816,24.9724233257
"866",121.5070442376,24.9167501849
"867",121.4645470616,25.0965680769
"868",121.5291308516,24.9687368134
"869",121.4876642314,25.0656761988
"870",121.3441442582,25.1088704562
"871",121.5030005762,25.0860756811
"872",121.4130113759,25.0207278812
"873",121.5339264408,24.9944994689
"874",121.4855913656,25.1052230788
"875",121.5625441555,24.9754099956
"876",121.4429353420,25.0564201380
"877",121.5670140561,24.9475328868
"878",121.5003797778,25.0940413350
"879",121.3304812207,25.1047576466
"880",121.5589573632,25.1127723438
"881",121.4832863086,25.0513216351
"882",121.4442062112,25.0418838144
"883",121.5090337788,25.0863870493
"884",121.5083000829,24.9121844289
"885",121.5531613961,24.9592298402
"886",121.5360897315,24.9788611656
"887",121.4812690280,24.8800212205
"888",121.5819397357,24.9519254438
"889",121.5123858144,24.9278162994
"890",121.5008463758,24.9499092274
"891",121.5188391646,24.9668462739
"892",121.5904249700,24.9971891055
"893",121.5374331925,24.9360379503
"894",121.5359840402,24.9738529238
"895",121.3758824770,25.0829483696
"896",121.3879445098,25.0762623064
"897",121.3828997315,25.1109921522
"898",121.5735788175,25.0029209455
"899",121.5872786321,25.0061125715
"900",121.6028449561,24.9522352152
"901",121.4832617210,25.0764029898
"902",121.5095278091,25.0512144798
"903",121.5217769095,24.8836235473
"904",121.5310912695,24.9528431449
"905",121.5933817376,24.9345769029
"906",121.5228075905,24.8993841055
"907",121.5266142549,24.9089746830
"908",121.5619085480,25.1743580290
"909",121.3604598910,25.0961307494
"910",121.5496465177,25.1335697154
"911",121.6185566019,25.0678613644
"912",121.6141648611,24.9726788697
"913",121.5670945561,25.1507204035
"914",121.4967780192,25.0554472348
"915",121.5898355946,24.9949957010
"916",121.5658242147,24.9814906558
"917",121.5472832198,25.0043252122
"918",121.6181845706,24.9688516831
"919",121.5919154735,24.9877141715
"920",121.5004725165,25.0379950433
"921",121.5578793688,24.9343452319
"922",121.5620487195,24.9812630851
"923",121.5103568934,24.9381091008
"924",121.5665374370,24.9323261741
"925",121.4861639989,25.0646808998
"926",121.6102796787,25.0248275108
"927",121.5693529738,25.1667382783
"928",121.6184506700,25.0811683801
"929",121.6012003765,25.0543189368
"930",121.5286189108,24.9658318869
"931",121.5462747241,24.9744804582
"932",121.5451622702,24.8965386851
"933",121.6069977000,25.0707461805
"934",121.5006917105,25.0727834367
"935",121.3317674055,25.1068489270
"936",121.5296732207,24.8939899384
"937",121.4103771684,25.0262657308
"938",121.5854841493,25.0821320880
"939",121.5576923822,24.9748464360
"940",121.5173231380,25.0556715371
"941",121.5154206126,24.9193640608
"942",121.5641848425,25.1132503760
"943",121.5440004438,24.9080280024
"944",121.4365183321,25.0268421774
"945",121.5141372932,25.0655789295
"946",121.5944032991,24.9373264406
"947",121.6001366727,25.1035811804
"948",121.5258447800,24.8912083438
"949",121.6299335467,25.0335263445
"950",121.4553471457,25.0566223405
"951",121.5876374251,25.1352588415
"952",121.4947249423,24.8972299463
"953",121.5219214046,24.9849573678
"954",121.4847449820,25.0901160956
"955",121.6176023683,25.0305065555
"956",121.5323419226,25.1145745640
"957",121.3544291483,25.0730343706
"958",121.5172628125,25.0613573584
"959",121.4972493023,25.0725231800
"960",121.5429380681,24.9403186945
"961",121.5562925474,25.1025905472
"962",121.5904680635,25.0044042628
"963",121.5876291456,24.9854811199
"964",121.5298761100,25.0962898632
"965",121.5885291773,25.0384489971
"966",121.3317764648,25.1012304065
"967",121.5259990604,24.9269250281
"968",121.5805432694,25.1431098618
"969",121.5739275556,25.1513830971
"970",121.5164655482,24.9530173727
"971",121.4773118056,24.8797606382
"972",121.5834766682,24.9963925082
"973",121.5471736330,24.9219937363
"974",121.3799976522,25.0737848742
"975",121.4896083655,24.9086230995
"976",121.5813164975,25.0554854036
"977",121.5419842067,24.9113209975
"978",121.3640628904,25.0926968721
"979",121.3764321203,25.0796114562
"980",121.3990241094,25.0795258144
"981",121.3513445075,25.0802232030
"982",121.2940537599,25.1156115102
"983",121.3584093978,25.1314090773
"984",121.5900237547,24.9265709260
"985",121.5673650799,25.0064435345
"986",121.5920115154,24.9973250130
"987",121.5674083126,25.0804358176
"988",121.4760205949,25.0518633895
"989",121.3569125330,25.0972612293
"990",121.6251812735,25.0371442701
"991",121.5812926187,25.1778051512
"992",121.3662016191,25.1301577101
"993",121.6095683714,25.0977168250
"994",121.5835631525,25.0652377892
"995",121.3495995635,25.1238759018
"996",121.5680170585,25.1725839791
"997",121.5839905623,24.9932602328
"998",121.5967205048,24.9858616425
"999",121.5353499488,24.9393215571
"1000",121.5469719034,24.9650684790
"1001",121.5739543284,24.9633678340
"1002",121.5889074338,25.1476171709
"1003",121.3563222686,25.1211033409
"1004",121.5666668038,25.1594951517
"1005",121.5772814176,25.1237352717
"1006",121.4986682876,24.9338502869
"1007",121.5296989547,25.0938097015
"1008",121.5584942202,25.1263025304
"1009",121.4335098656,25.0245801134
"1010",121.5495125355,25.0960098826
"1011",121.5835021880,25.1127973943
"1012",121.5999393460,25.0310638982
"1013",121.4750713091,24.9378657444
"1014",121.2908389490,25.1083845683
"1015",121.3112587919,25.1125824334
"1016",121.4989385907,24.9453842589
"1017",121.5626792880,25.1471019271
"1018",121.5979069107,24.9880134309
"1019",121.4958074954,24.8756229305
"1020",121.5236067037,25.0893673381
"1021",121.4502804053,25.0331437351
"1022",121.5027667715,25.0930606803
"1023",121.6432119700,25.0244032926
"1024",121.4945161194,25.0169308785
"1025",121.5185730207,24.9819825739
"1026",121.5439829402,24.9054618055
"1027",121.5299892368,25.0996146892
"1028",121.5850351795,24.9805841618
"1029",121.6142754057,25.0244263622
"1030",121.5062207954,25.0782803887
"1031",121.4608388577,25.0600914851
"1032",121.5135486956,25.0674106843
"1033",121.4865115483,25.0594900216
"1034",121.5679180014,25.0032799971
"1035",121.3199449176,25.1026584167
"1036",121.5730632180,25.1327546770
"1037",121.5987264852,24.9758013002
"1038",121.3901740626,25.0774369610
"1039",121.5934248252,25.0652044459
"1040",121.5894375451,25.0576203837
"1041",121.3985007463,25.0410202423
"1042",121.5159189010,24.9399264913
"1043",121.5027412677,24.9194910850
"1044",121.3654674678,25.1171232988
"1045",121.3658046363,25.0705747759
"1046",121.5657819867,25.0949920615
"1047",121.5035626519,25.0745545189
"1048",121.5873877074,24.9439304909
"1049",121.5897346852,25.0614398261
"1050",121.5661245509,24.9721581648
"1051",121.5733176925,24.9633677110
"1052",121.5690652315,25.1598794880
"1053",121.3714185731,25.1036445728
"1054",121.5844947987,24.9359140919
"1055",121.5938459754,24.9301291240
"1056",121.5324776230,24.9226307125
"1057",121.5701230440,24.9683705721
"1058",121.5742102928,25.0019219006
"1059",121.4766733152,25.0879307224
"1060",121.5684758919,25.1425981425
"1061",121.5931982532,25.0231554026
"1062",121.5885239252,25.0964514404
"1063",121.3727633920,25.1182487938
"1064",121.3602084628,25.0979071504
"1065",121.5896251763,25.0990441995
"1066",121.5510427895,24.8977921974
"1067",121.5320333279,24.9321317651
"1068",121.4480748552,25.0310862416
"1069",121.3847288133,25.0792426499
"1070",121.5882835744,24.9638618800
"1071",121.4308915829,25.0286081120
"1072",121.3105131028,25.1209071279
"1073",121.6157355789,25.0649494740
"1074",121.6205273350,25.0276909111
"1075",121.4906399628,24.9562586521
"1076",121.3768528461,25.1106685829
"1077",121.3371569671,25.0942531577
"1078",121.5287020631,24.9108050241
"1079",121.5038738371,25.0535124016
"1080",121.5356199838,24.9881535791
"1081",121.4221612961,25.0240454421
"1082",121.5005375150,24.9173904630
"1083",121.5888076059,25.1355868175
"1084",121.5839918215,24.9698366886
"1085",121.6218025472,25.0367790689
"1086",121.4788083354,24.9422607373
"1087",121.5958027397,25.1233859210
"1088",121.5087898917,24.9014386438
"1089",121.5675168305,24.9508931396
"1090",121.5259720284,24.9139331755
"1091",121.4983275031,25.0905162267
"1092",121.5311268021,24.9348186081
"1093",121.6035538479,25.0916780553
"1094",121.5676539259,25.1686237956
"1095",121.5759016563,25.0016328202
"1096",121.3049307124,25.1230057426
"1097",121.5893900254,25.0379095012
"1098",121.5877769255,25.0045453260
"1099",121.5810398663,24.9654055113
"1100",121.6043700203,25.1305137275
"1101",121.4782031832,25.0580367438
"1102",121.5026666053,24.8893989180
"1103",121.5286703674,24.9418897131
"1104",121.3553325738,25.0810526380
"1105",121.4799993815,25.0950903007
"1106",121.5815873310,24.9277880337
"1107",121.4818954983,24.8751665616
"1108",121.5901941218,25.1586721508
"1109",121.5526351766,24.8949460804
"1110",121.5066346086,24.9052246934
"1111",121.3343393215,25.1127056205
"1112",121.4734289279,24.9368023606
"1113",121.3594316084,25.1003896094
"1114",121.5985047440,25.0943296072
"1115",121.5021591951,24.8910347629
"1116",121.5670842609,24.9195484786
"1117",121.5393476655,24.9635377637
"1118",121.5713962184,24.8770349013
"1119",121.5898031871,25.0795731424
"1120",121.5529726303,24.8922789562
"1121",121.5262703766,24.9527241943
